{"cameraMode":{"drawMode":0,"name":"Shaded","section":"Shading Mode"},"sceneLighting":true,"audioPlay":false,"sceneViewState":{"m_AlwaysRefresh":false,"showFog":true,"showSkybox":true,"showFlares":true,"showImageEffects":true,"showParticleSystems":true,"showVisualEffectGraphs":true,"m_FxEnabled":true},"in2DMode":false,"pivot":{"x":4.590010166168213,"y":0.7188678979873657,"z":5.959352493286133},"rotation":{"x":-0.293876051902771,"y":0.10922913998365402,"z":-0.033825572580099109,"w":-0.9489818811416626},"size":0.012521134689450264,"orthographic":false}